sku_id,sku_name,policy,target_service_level,stockout_units_mean,stockout_units_std,stockout_units_ci95_lo,stockout_units_ci95_hi,expired_units_mean,expired_units_std,expired_units_ci95_lo,expired_units_ci95_hi,fill_rate_mean,fill_rate_std,fill_rate_ci95_lo,fill_rate_ci95_hi,cycle_service_level_mean,cycle_service_level_std,cycle_service_level_ci95_lo,cycle_service_level_ci95_hi,total_cost_mean,total_cost_std,total_cost_ci95_lo,total_cost_ci95_hi,orders_placed_mean,orders_placed_std,orders_placed_ci95_lo,orders_placed_ci95_hi,workload_overflow_events_mean,workload_overflow_events_std,workload_overflow_events_ci95_lo,workload_overflow_events_ci95_hi
MED-INS-01,Insulin vials (cold chain),baseline,0.98,516.57,134.59864449540345,497.7546852281975,535.3853147718025,0.0,0.0,0.0,0.0,0.9433224990226892,0.014673612569570853,0.9412712997675184,0.9453736982778599,0.9303972602739726,0.016770832922964968,0.9280528941652807,0.9327416263826646,554597.131,11331.75677392694,553013.0840623935,556181.1779376066,25.505,0.5656633274307253,25.42592688897147,25.584073111028527,0.0,0.0,0.0,0.0
MED-INS-01,Insulin vials (cold chain),probabilistic,0.98,148.84316902317659,47.34229088882879,142.2252709869005,155.46106705945266,0.0,0.0,0.0,0.0,0.9836720279368661,0.00517623545850458,0.982948450817276,0.9843956050564563,0.9834794520547945,0.004991341724669096,0.9827817209146679,0.9841771831949211,567875.1746800945,7774.34104999799,566788.4128144945,568961.9365456945,46.315,0.7387658627738561,46.21172918101915,46.418270818980844,0.0,0.0,0.0,0.0
SUT-GEN-02,Surgical suture packs,baseline,0.95,418.275,112.76311176532865,402.5120370781478,434.03796292185217,0.0,0.0,0.0,0.0,0.9713278482790569,0.007678989936359153,0.9702544153828807,0.9724012811752332,0.9593972602739725,0.009915234661933175,0.9580112265445844,0.9607832940033607,267684.94800000003,6504.750686463393,266775.6600042945,268594.2359957056,26.055,0.47114222905615244,25.989139831978154,26.120860168021846,0.0,0.0,0.0,0.0
SUT-GEN-02,Surgical suture packs,probabilistic,0.95,167.72713299457595,47.076201463063555,161.14643114494788,174.30783484420402,0.0,0.0,0.0,0.0,0.988488265319967,0.003223093889720667,0.988037714526521,0.988938816113413,0.9873013698630138,0.003657072465846736,0.9867901539451555,0.987812585780872,260626.0410501805,4206.328260335378,260038.04560231816,261214.03649804284,30.395,0.5558551969712976,30.317297950787204,30.472702049212796,0.0,0.0,0.0,0.0
BLD-BAG-03,Blood collection bags,baseline,0.97,450.88,121.21326495066454,433.93580458767144,467.82419541232855,0.0,0.0,0.0,0.0,0.9175168649544093,0.021828245880172802,0.914465531720769,0.9205681981880496,0.9060273972602739,0.023099968765185032,0.9027982920552018,0.9092565024653461,266736.762,14331.743693582996,264733.3520114784,268740.1719885216,24.865,0.7326493021903453,24.762584204582954,24.967415795417043,0.0,0.0,0.0,0.0
BLD-BAG-03,Blood collection bags,probabilistic,0.97,103.92174189625092,42.942675480101,97.91885858839517,109.92462520410668,0.0,0.0,0.0,0.0,0.9809701634885846,0.007830231857073676,0.9798755887424617,0.9820647382347074,0.9808767123287672,0.00750284864898011,0.9798279019225036,0.9819255227350308,258730.4808775313,6040.51364222977,257886.0877858475,259574.8739692151,34.51,0.714072825417688,34.410180978563396,34.6098190214366,0.0,0.0,0.0,0.0
PPE-GLV-04,Sterile gloves (boxes),baseline,0.93,554.645,175.08674699988003,530.1699224869704,579.1200775130295,0.0,0.0,0.0,0.0,0.9746588250708357,0.007937502153215887,0.9735492551931114,0.9757683949485599,0.9625068493150686,0.010249569191226634,0.9610740795324956,0.9639396190976416,203204.92175,4323.644300184098,202600.5268931703,203809.31660682973,26.085,0.4216337273036871,26.02606054093362,26.14393945906638,24.135,1.29875902306779,23.953448692976448,24.316551307023555
PPE-GLV-04,Sterile gloves (boxes),probabilistic,0.93,188.89797417835143,67.39511775170033,179.47692570245653,198.31902265424634,0.0,0.0,0.0,0.0,0.9913553539954897,0.003082889878963454,0.9909244020813975,0.9917863059095818,0.9905890410958904,0.0033619184668607876,0.9901190842517612,0.9910589979400196,199978.5128989921,3138.1637735091344,199539.8343415267,200417.1914564575,25.13,0.42790185790669333,25.0701843296555,25.189815670344498,23.26,1.2737346662472526,23.0819468051031,23.438053194896902
ANT-BIO-05,Emergency antibiotics,baseline,0.99,466.5,136.788596015896,447.37855564310746,485.62144435689254,0.0,0.0,0.0,0.0,0.9291568842116813,0.020221270866571196,0.9263301872722971,0.9319835811510655,0.9194657534246576,0.02130107915055115,0.9164881119283468,0.9224433949209685,293259.8268,24552.90940937505,289827.61750225537,296692.0360977446,25.095,0.8221769882452317,24.980069282161345,25.209930717838652,0.0,0.0,0.0,0.0
ANT-BIO-05,Emergency antibiotics,probabilistic,0.99,88.11961363205714,43.517781578032555,82.03633722440212,94.20289003971216,0.0,0.0,0.0,0.0,0.986602508314546,0.00660996624236401,0.9856785124158702,0.9875265042132217,0.9868904109589042,0.0059828835734017675,0.9860540738761749,0.9877267480416334,270356.2180192132,8316.205165475509,269193.7098938014,271518.72614462493,30.64,0.8368990381163071,30.523011311938475,30.756988688061526,0.0,0.0,0.0,0.0
PLT-CON-06,Platelet concentrate (very short shelf-life),baseline,0.96,1073.315,52.99458250613925,1065.9069777662596,1080.7230222337405,3127.26,93.61527866753374,3114.1736799840523,3140.346320015948,0.6317651229520185,0.016026837172997403,0.6295247587393115,0.6340054871647255,0.6334931506849315,0.012687142917981169,0.6317196366317137,0.6352666647381493,727424.0980000001,11559.32483076741,725808.2397121566,729039.9562878436,45.2,0.9539392014169457,45.06665046728287,45.333349532717136,0.0,0.0,0.0,0.0
PLT-CON-06,Platelet concentrate (very short shelf-life),probabilistic,0.96,201.76950984360582,46.24307436393197,195.3052694091268,208.23375027808484,1042.143219644172,80.46818920125699,1030.8947088243597,1053.3917304639842,0.93070121085436,0.016118265282516687,0.928448066062279,0.9329543556464409,0.9268356164383562,0.015233954578993712,0.9247060879301185,0.9289651449465939,376414.60493253765,11916.053500443188,374748.88015284913,378080.3297122262,94.265,1.6446200169036007,94.03510137498743,94.49489862501257,0.0,0.0,0.0,0.0
