scenario,sku_id,sku_name,demand_distribution,policy,stockout_mean,stockout_ci95_lo,stockout_ci95_hi,expired_mean,expired_ci95_lo,expired_ci95_hi,service_level_mean,service_ci95_lo,service_ci95_hi,cost_mean,cost_ci95_lo,cost_ci95_hi
normal_baseline_for_A,RARE-ANTV-07,"Emergency antivenom (rare, low-volume)",normal,baseline,69.92,66.66061887398973,73.17938112601027,0.0,0.0,0.0,0.93475799086758,0.9320771000386183,0.9374388816965418,217972.29333333333,216806.13441573328,219138.4522509334
normal_baseline_for_A,RARE-ANTV-07,"Emergency antivenom (rare, low-volume)",normal,probabilistic,15.878551299760336,14.69973357899058,17.057369020530093,0.0,0.0,0.0,0.9867579908675801,0.9859127314009845,0.9876032503341757,228355.55458017022,227458.43829780814,229252.6708625323
poisson,RARE-ANTV-07,"Emergency antivenom (rare, low-volume)",poisson,baseline,69.29333333333334,66.179229137709,72.40743752895767,0.0,0.0,0.0,0.93475799086758,0.9319928243612725,0.9375231573738876,216506.62666666668,215389.82235932926,217623.4309740041
poisson,RARE-ANTV-07,"Emergency antivenom (rare, low-volume)",poisson,probabilistic,15.162512844124892,14.100090562933934,16.22493512531585,0.0,0.0,0.0,0.9868310502283104,0.9859533974845455,0.9877087029720754,226562.90606804233,225620.5813835419,227505.23075254276
normal_baseline_for_B,ANT-BIO-SPIKY-08,"Antibiotics (outbreak-prone, spiky demand)",normal,baseline,808.8833333333333,773.1663387786052,844.6003278880614,0.0,0.0,0.0,0.909972602739726,0.9063950631202345,0.9135501423592175,420633.32600000006,414763.5774902491,426503.074509751
normal_baseline_for_B,ANT-BIO-SPIKY-08,"Antibiotics (outbreak-prone, spiky demand)",normal,probabilistic,169.88328645863083,157.24587616032784,182.52069675693383,0.0,0.0,0.0,0.983269406392694,0.9821804440220363,0.9843583687633517,359155.6055976315,356718.8669901318,361592.3442051312
gamma,ANT-BIO-SPIKY-08,"Antibiotics (outbreak-prone, spiky demand)",gamma,baseline,786.23,749.2452418769512,823.2147581230488,0.0,0.0,0.0,0.9073059360730592,0.9035606428661674,0.911051229279951,410498.68666666665,404449.40193721536,416547.97139611794
gamma,ANT-BIO-SPIKY-08,"Antibiotics (outbreak-prone, spiky demand)",gamma,probabilistic,166.42956291707128,153.6186880580422,179.24043777610035,0.0,0.0,0.0,0.9810958904109589,0.9799061025554722,0.9822856782664456,352801.0998035672,350480.97164126835,355121.2279658661
normal_baseline_for_C,RARE-ANTV-EMP-09,Emergency antivenom (empirical historical demand),normal,baseline,72.92777777777785,70.25912749898805,75.59642805656765,0.0,0.0,0.0,0.9087488584474884,0.9058837459778172,0.9116139709171597,155777.80666666667,154699.796581595,156855.81675173834
normal_baseline_for_C,RARE-ANTV-EMP-09,Emergency antivenom (empirical historical demand),normal,probabilistic,10.939361711883775,10.043384877393251,11.835338546374299,0.0,0.0,0.0,0.9888767123287672,0.9880895927210592,0.9896638319364751,158205.53860336606,157308.10631971533,159102.9708870168
empirical,RARE-ANTV-EMP-09,Emergency antivenom (empirical historical demand),empirical,baseline,62.38333333333338,59.28934379135182,65.47732287531494,0.0,0.0,0.0,0.92,0.9167256232364387,0.9232743767635614,142559.00666666665,141310.06972942257,143807.94360391074
empirical,RARE-ANTV-EMP-09,Emergency antivenom (empirical historical demand),empirical,probabilistic,9.4833806309174,8.557534869728904,10.409226392105897,0.0,0.0,0.0,0.9882374429223745,0.987396647789736,0.9890782380550129,147748.2805943028,146730.04387951855,148766.51730908707
